,1,2,3,4,5
0,30.809326171875,28.354810631793477,31.78259808084239,27.684190538194443,32.865397135416664
1,18.08837890625,25.76585852581522,11.13440472146739,14.8834228515625,18.43227810329861
2,10.1251220703125,10.03471042798913,11.670717985733695,16.530015733506943,11.99951171875
3,8.95904541015625,10.966956097146738,15.052596382472826,12.80788845486111,10.689629448784721
4,2.5732421875,2.8474227241847827,4.168701171875,3.6383734809027777,3.994411892361111
5,5.6744384765625,3.887939453125,6.0464610224184785,6.630452473958333,5.875651041666667
6,0.1983642578125,0.030782948369565216,0.36223038383152173,0.40283203125,0.0518798828125
7,1.06903076171875,0.0,0.29296875,0.7191975911458334,0.9667290581597222
8,0.41046142578125,0.0,0.0,0.0,0.0
9,0.0,0.0,0.0,0.0,0.0
10,1.12945556640625,1.5237559442934783,0.23671025815217392,1.1081271701388888,0.5466037326388888
11,0.07537841796875,0.0,0.0,0.05832248263888889,0.103759765625
12,0.0,0.11437457540760869,0.018310546875,0.029161241319444444,0.8961995442708334
13,0.0,0.041928498641304345,0.0,0.0,0.0
14,1.2542724609375,0.20964249320652173,1.059358016304348,0.6659613715277778,0.6028917100694444
15,7.64068603515625,6.852921195652174,10.856827445652174,5.411444769965278,4.688856336805555
16,0.0,0.019902768342391304,0.0,0.0,0.0
17,0.69854736328125,0.4988960597826087,0.042724609375,0.0732421875,0.2285427517361111
18,0.9320068359375,0.14781122622282608,0.20460045855978262,0.0,0.2254909939236111
19,10.36224365234375,8.702286430027174,7.070790166440218,9.357367621527779,7.832166883680555
