patch_id,0,1,2,3,4,5,6,7,8,9,10,11,12,13,14,15,16,17,18,19
30003,5458,4045,2631,1484,1441,425,0,0,0,0,0,0,88,0,0,0,0,0,0,812
30013,1054,4070,143,336,174,1330,0,391,0,0,0,0,0,0,0,4493,0,0,1195,3198
30014,5491,3234,0,2299,0,0,0,0,0,0,0,0,0,0,0,4128,0,0,0,1232
30023,5364,4826,369,1855,0,208,0,0,0,0,257,0,0,0,0,2604,0,0,0,901
30026,6618,889,336,3145,0,0,1293,0,0,0,0,0,0,0,994,655,0,0,558,1896
30033,6818,2371,623,1969,252,1758,0,0,0,0,0,0,0,0,651,209,0,0,629,1104
30048,1593,1652,4589,1512,1373,846,352,0,1345,0,0,0,0,0,0,1532,0,259,0,1331
30052,1594,268,6267,1896,1165,3160,0,0,0,0,0,0,0,0,220,411,0,0,0,1403
30057,10925,3299,113,74,117,0,0,0,0,0,0,0,69,0,0,0,0,161,213,1413
30059,4942,6526,565,1743,79,0,0,0,0,0,0,0,0,0,0,213,0,526,0,1790
30062,5244,274,3438,924,1479,325,52,799,0,0,0,0,0,0,0,1772,0,0,0,2077
30066,2897,6492,1817,1030,1286,724,0,0,0,0,0,0,0,0,134,0,0,345,0,1659
30078,2029,793,2275,2274,959,4781,527,0,0,0,0,0,0,0,0,986,0,0,0,1760
30084,4644,5535,455,2954,0,423,0,0,0,0,335,0,0,0,0,0,0,1204,0,834
30087,3334,5416,1138,2686,320,693,0,0,0,0,357,0,0,158,308,1038,0,0,0,936
30091,1686,2310,2028,3281,1991,477,0,0,0,0,0,0,0,0,114,3280,0,0,0,1217
30109,3793,6347,967,1579,0,245,0,0,0,0,0,0,0,0,0,1184,0,0,1230,1039
30115,2993,745,2433,2821,1716,779,0,167,0,0,0,0,2136,0,0,584,0,0,0,2010
30122,3255,3109,935,3299,1054,0,609,0,0,0,0,0,0,0,0,2221,0,0,0,1902
30123,6894,2370,1275,2717,259,114,0,0,0,0,532,0,0,0,90,1186,0,0,0,947
30129,3774,930,4968,2968,999,0,0,0,0,0,0,0,0,0,653,939,0,0,0,1153
30140,3308,3368,0,2256,0,1785,0,0,0,0,0,0,0,0,0,1037,0,1463,0,3167
30146,6084,2425,1608,214,1313,1828,0,0,0,0,812,0,0,0,0,0,0,65,0,2035
30151,2116,3542,3438,2885,365,300,0,0,0,0,0,0,0,0,0,1609,0,0,0,2129
30152,5041,3087,1698,2454,1537,0,0,0,0,0,0,0,0,0,474,765,0,0,0,1328
30165,4444,5008,249,1586,0,395,0,0,0,0,0,0,0,0,0,2528,0,183,0,1991
30173,1005,4756,4043,2273,0,507,0,0,0,0,392,0,0,0,100,1652,0,0,0,1656
30175,3374,1536,4614,353,925,1156,0,0,0,0,0,0,0,0,2101,391,0,0,0,1934
30178,1128,0,2541,2113,0,6698,0,0,0,0,0,0,0,0,0,2660,0,0,0,1244
30182,5703,3149,1018,3152,0,868,0,0,0,0,0,0,0,0,0,990,0,216,0,1288
30187,5726,3526,675,1714,1478,309,0,0,0,0,1482,0,0,0,0,809,0,0,0,665
30193,4504,2235,2750,2660,0,515,0,650,0,0,0,0,86,0,0,928,0,0,0,2056
30204,1514,1321,3146,1737,1989,462,0,0,0,0,0,0,0,0,220,4903,0,0,0,1092
30209,10371,2627,545,641,0,0,0,719,0,0,732,0,0,0,0,0,0,264,0,485
30216,5196,2367,2721,3213,262,0,0,0,0,0,114,0,0,0,70,825,0,329,0,1287
30227,2094,4291,2197,1719,1003,1292,0,0,0,0,1695,0,0,0,0,997,0,0,0,1096
30241,9860,1428,782,471,79,713,0,222,0,0,0,172,0,0,0,984,0,0,0,1673
30244,5696,3160,2221,408,1871,0,0,0,0,0,726,0,0,0,0,1084,0,0,0,1218
30255,4921,2083,0,2655,733,3142,0,443,0,0,0,0,0,0,0,592,0,55,0,1760
30256,4943,1284,1175,3918,1237,1105,0,0,0,0,0,0,0,0,0,764,0,0,0,1958
30260,3730,3152,2400,774,674,0,0,0,0,0,95,0,0,0,0,3961,0,0,0,1598
30264,2079,3526,2857,2508,502,0,0,0,0,0,0,0,0,0,0,1746,0,0,0,3166
30265,2693,982,4928,2686,2304,870,0,450,0,0,0,0,0,0,0,364,0,0,0,1107
30273,4966,2195,1737,1886,109,1804,0,0,0,0,0,0,0,0,0,2263,0,0,0,1424
30274,5090,1701,2656,948,0,2852,0,0,0,0,0,0,0,0,0,1010,0,0,0,2127
30275,4231,1748,865,2029,738,1197,0,0,0,0,0,0,0,0,0,3184,0,0,0,2392
30283,2524,2503,4347,4525,1153,0,0,0,0,0,0,0,0,0,0,807,0,0,0,525
30297,3112,4948,619,3514,126,1746,298,0,0,0,0,0,0,0,0,0,0,0,0,2021
30302,9060,525,731,3712,0,376,72,150,0,0,49,0,0,0,63,803,0,0,0,843
30323,7678,4396,559,1348,0,0,0,0,0,0,739,0,0,0,0,126,0,0,557,981
30328,5240,4396,1916,894,0,188,0,557,0,0,0,0,0,0,0,1848,0,0,0,1345
30329,3794,2718,686,6195,0,407,0,0,0,0,0,306,0,0,127,1421,0,0,0,730
30333,4649,1099,2592,2388,1700,765,0,0,0,0,0,0,0,0,282,1492,0,0,0,1417
30335,6286,3171,1224,1367,907,1095,0,599,0,0,0,0,0,0,0,931,0,0,0,804
30359,4216,2635,4442,1916,0,1491,0,0,0,0,0,0,0,0,0,526,0,0,0,1158
30361,4391,6462,609,1389,498,1251,0,0,0,0,630,0,0,0,0,0,0,0,0,1154
30362,3857,2514,1901,2710,2155,1375,0,0,0,0,0,0,0,0,0,442,0,0,0,1430
30368,8286,3789,408,0,263,0,0,0,0,0,1174,0,0,0,0,1867,0,0,0,597
30371,6403,1614,1812,3579,0,0,0,1153,0,0,0,0,0,0,0,1169,0,0,0,654
30381,8024,1045,1269,3336,159,0,0,716,0,0,465,247,0,0,0,0,0,0,0,1123
30383,9501,2396,704,1444,340,0,0,0,0,0,0,0,0,0,0,1393,0,0,0,606
30407,5954,1946,1470,2896,0,1813,0,0,0,0,0,0,0,0,277,648,0,0,0,1380
30410,6706,3531,332,744,1093,0,0,0,0,0,0,0,0,0,958,1815,0,0,0,1205
30417,6095,1048,2769,2575,150,0,0,804,0,0,0,0,0,0,0,1744,0,0,0,1199
30418,4909,592,3480,4428,82,1739,0,0,0,0,0,0,0,0,0,0,0,0,0,1154
30422,6147,1590,2469,1933,1100,0,0,0,0,0,0,0,0,0,261,2028,0,0,0,856
30425,4857,1412,3492,2070,611,0,0,150,0,0,0,0,0,0,0,3631,0,0,0,161
30436,3038,960,1141,1451,838,4215,0,0,0,0,0,0,0,0,0,2381,0,0,0,2360
30438,6722,1182,433,1265,2142,633,0,0,0,0,0,0,0,0,0,1879,0,0,0,2128
30452,6326,7610,0,507,0,0,0,0,0,0,0,0,343,0,100,0,75,150,0,1273
30459,5969,2611,1306,94,1695,1928,0,0,0,0,0,0,0,0,274,0,0,0,665,1842
30464,4482,451,3531,2514,1161,382,0,0,0,0,0,0,0,0,0,2151,0,0,0,1712
30477,3933,1041,681,3399,0,864,0,0,0,0,115,0,0,0,0,1572,0,0,0,4779
30495,2652,954,4172,2208,827,2780,0,0,0,0,0,0,0,0,0,2191,0,0,0,600
30503,10138,2351,0,1134,846,0,0,0,0,0,0,0,0,0,0,1833,0,0,0,82
30527,1770,10821,0,0,0,0,0,0,0,0,0,0,0,0,0,3099,0,0,0,694
30542,8279,1753,1433,0,0,2417,0,88,0,0,663,0,0,0,0,148,0,0,0,1603
30545,4474,152,4644,2363,367,356,0,0,0,0,0,0,0,0,0,2031,0,0,0,1997
30549,8433,3384,946,1580,0,0,153,0,0,0,100,0,0,0,461,0,0,0,0,1327
30558,3502,7514,2045,472,0,0,0,0,0,0,1298,0,0,0,0,185,0,0,0,1368
30569,3949,4994,1612,3272,0,0,0,0,0,0,0,0,0,0,1123,248,0,0,0,1186
30570,2739,1662,7050,1161,0,1212,0,0,0,0,0,0,0,0,0,588,0,0,0,1972
30583,5010,3208,2358,1320,0,2288,0,0,0,0,0,0,0,0,0,1608,0,0,0,592
30586,6346,7840,0,927,577,0,0,0,0,0,0,0,0,0,0,0,0,0,0,694
30595,5163,1583,4866,571,1207,2350,0,0,0,0,0,0,0,0,0,0,0,0,0,644
30599,8346,2769,1901,556,897,0,0,0,0,0,0,0,0,0,492,82,0,0,0,1341
30602,5202,1505,3237,0,132,3190,0,1234,0,0,0,0,0,0,0,0,0,0,0,1884
30608,2669,2127,4948,2152,298,2440,0,0,0,0,0,0,507,0,0,0,0,0,0,1243
30612,6902,2566,2459,1314,0,672,0,0,0,0,0,0,0,0,0,1950,0,0,0,521
30621,3489,3314,7050,153,0,0,0,0,0,0,0,0,0,0,400,857,0,0,0,1121
30638,5066,913,1423,3527,0,2666,0,0,0,0,0,0,0,0,677,51,0,0,0,2061
30641,3259,9768,309,507,0,0,0,0,0,0,0,0,0,0,0,0,0,0,0,2541
30652,9128,3041,2968,682,0,0,0,0,0,0,0,0,0,0,0,0,0,0,0,565
30657,1972,2221,2729,2831,550,4785,0,0,0,0,0,0,0,0,0,607,0,0,0,689
30662,4487,7106,274,590,0,0,0,0,0,0,0,0,0,0,0,2643,0,0,0,1284
30672,8722,2866,1320,208,0,590,0,0,0,0,735,0,0,0,0,466,0,0,0,1477
30688,9510,1548,1020,1344,1290,421,0,287,0,0,0,0,0,0,0,139,0,0,0,825
30689,6146,2682,609,1940,0,0,0,0,0,0,0,0,0,0,0,4057,0,0,0,950
30694,3792,3193,1436,1471,1323,2033,0,0,0,0,586,0,0,0,1010,0,0,0,0,1540
30705,5137,4128,2500,2144,347,358,0,0,0,0,1041,0,0,0,0,0,0,0,0,729
30726,1547,1540,422,5997,0,0,0,0,0,0,0,0,0,0,0,4622,0,0,0,2256
30732,5936,890,2225,3988,764,0,116,0,0,0,91,0,0,0,0,0,0,0,0,2374
