feature,channel,date,importance
NDWI_20190821,NDWI,20190821,0.006077864671880313
B6_20190523,B6,20190523,0.005822849370962258
B11_20190910,B11,20190910,0.0053978238694321655
B6_20190707,B6,20190707,0.005227813668820129
B11_20190707,B11,20190707,0.004972798367902074
B11_20190617,B11,20190617,0.004547772866371982
NDWI_20190602,NDWI,20190602,0.004505270316218973
B6_20190418,B6,20190418,0.004377762665759946
B5_20190707,B5,20190707,0.004207752465147909
B11_20190523,B11,20190523,0.004207752465147909
B11_20190627,B11,20190627,0.004207752465147909
NDMI_20181109,NDMI,20181109,0.0041652499149948995
B6_20190617,B6,20190617,0.004122747364841891
NDVI_20190602,NDVI,20190602,0.004122747364841891
B5_20190617,B5,20190617,0.004037742264535872
B6_20190821,B6,20190821,0.003782726963617817
B6_20190717,B6,20190717,0.003740224413464808
B2_20190523,B2,20190523,0.003740224413464808
B12_20181219,B12,20181219,0.0036977218633117985
B5_20190523,B5,20190523,0.0036977218633117985
B11_20190418,B11,20190418,0.0036127167630057803
B6_20190602,B6,20190602,0.0035702142128527714
B6_20190513,B6,20190513,0.003527711662699762
NDVI_20190821,NDVI,20190821,0.003527711662699762
NDVI_20190523,NDVI,20190523,0.003442706562393744
NDMI_20190910,NDMI,20190910,0.0034002040122407345
B12_20190617,B12,20190617,0.0034002040122407345
B11_20181219,B11,20181219,0.0034002040122407345
B11_20190513,B11,20190513,0.003357701462087725
B8A_20190930,B8A,20190930,0.003357701462087725
NDMI_20191025,NDMI,20191025,0.003357701462087725
NDWI_20191025,NDWI,20191025,0.003272696361781707
B11_20190128,B11,20190128,0.0032301938116286975
NDMI_20190602,NDMI,20190602,0.0032301938116286975
NDRE_20190617,NDRE,20190617,0.0032301938116286975
NDWI_20190712,NDWI,20190712,0.0032301938116286975
B2_20181124,B2,20181124,0.0031876912614756886
B12_20190128,B12,20190128,0.0031451887113226793
B6_20190702,B6,20190702,0.0031451887113226793
B11_20190702,B11,20190702,0.0031451887113226793
NDWI_20190503,NDWI,20190503,0.0031451887113226793
B3_20190523,B3,20190523,0.0031026861611696704
B3_20190821,B3,20190821,0.0031026861611696704
B3_20190707,B3,20190707,0.003060183611016661
B7_20190707,B7,20190707,0.003060183611016661
B8A_20190910,B8A,20190910,0.003060183611016661
B3_20190513,B3,20190513,0.003060183611016661
B12_20190602,B12,20190602,0.003060183611016661
NDMI_20190523,NDMI,20190523,0.003060183611016661
NDMI_20181219,NDMI,20181219,0.003060183611016661
B7_20190722,B7,20190722,0.0030176810608636517
B8_20181109,B8,20181109,0.002975178510710643
B2_20190821,B2,20190821,0.0029326759605576335
B3_20190602,B3,20190602,0.0029326759605576335
NDWI_20190617,NDWI,20190617,0.0029326759605576335
B12_20190503,B12,20190503,0.0029326759605576335
NDRE_20190910,NDRE,20190910,0.0029326759605576335
NDRE_20190915,NDRE,20190915,0.002890173410404624
B12_20191025,B12,20191025,0.002890173410404624
B6_20190826,B6,20190826,0.002890173410404624
B4_20190617,B4,20190617,0.002890173410404624
B12_20181109,B12,20181109,0.002890173410404624
B11_20181124,B11,20181124,0.002890173410404624
B12_20190712,B12,20190712,0.0028476708602516152
B11_20190722,B11,20190722,0.0028476708602516152
B11_20190930,B11,20190930,0.0028476708602516152
B5_20190602,B5,20190602,0.002805168310098606
NDVI_20190513,NDVI,20190513,0.0027626657599455966
B5_20190821,B5,20190821,0.0027626657599455966
B12_20190717,B12,20190717,0.0027626657599455966
B8A_20190717,B8A,20190717,0.0027201632097925877
NDRE_20190821,NDRE,20190821,0.0027201632097925877
B7_20190712,B7,20190712,0.0027201632097925877
B8A_20190707,B8A,20190707,0.0027201632097925877
B8_20190707,B8,20190707,0.0027201632097925877
B7_20190910,B7,20190910,0.0026776606596395783
B11_20191025,B11,20191025,0.0026776606596395783
B2_20181109,B2,20181109,0.0026351581094865694
B7_20190617,B7,20190617,0.0026351581094865694
B2_20181219,B2,20181219,0.0026351581094865694
B6_20190722,B6,20190722,0.0026351581094865694
B12_20190707,B12,20190707,0.0026351581094865694
NDMI_20181124,NDMI,20181124,0.0026351581094865694
NDVI_20191025,NDVI,20191025,0.0026351581094865694
NDRE_20190503,NDRE,20190503,0.00259265555933356
B4_20190821,B4,20190821,0.00259265555933356
B6_20190910,B6,20190910,0.00259265555933356
NDMI_20190612,NDMI,20190612,0.00259265555933356
NDRE_20190602,NDRE,20190602,0.00259265555933356
B8A_20190612,B8A,20190612,0.00259265555933356
NDVI_20190617,NDVI,20190617,0.0025501530091805507
B2_20190617,B2,20190617,0.0025501530091805507
B5_20190910,B5,20190910,0.0025501530091805507
B5_20190722,B5,20190722,0.0025501530091805507
B8_20190523,B8,20190523,0.002507650459027542
NDWI_20190513,NDWI,20190513,0.002507650459027542
NDMI_20190617,NDMI,20190617,0.002507650459027542
B8A_20190128,B8A,20190128,0.002507650459027542
NDRE_20191025,NDRE,20191025,0.002507650459027542
NDRE_20190612,NDRE,20190612,0.002507650459027542
B11_20181015,B11,20181015,0.002507650459027542
B6_20181219,B6,20181219,0.0024651479088745325
NDMI_20190801,NDMI,20190801,0.0024651479088745325
NDRE_20190128,NDRE,20190128,0.0024651479088745325
B8_20190717,B8,20190717,0.0024651479088745325
B6_20190627,B6,20190627,0.0024651479088745325
B5_20181015,B5,20181015,0.0024651479088745325
B8_20190324,B8,20190324,0.002422645358721523
B8A_20181109,B8A,20181109,0.002422645358721523
B5_20181219,B5,20181219,0.002422645358721523
NDWI_20190523,NDWI,20190523,0.002422645358721523
NDRE_20190413,NDRE,20190413,0.002422645358721523
B6_20181109,B6,20181109,0.0023801428085685142
B12_20190930,B12,20190930,0.0023801428085685142
B11_20190821,B11,20190821,0.0023801428085685142
NDRE_20181109,NDRE,20181109,0.0023801428085685142
B4_20190602,B4,20190602,0.0023801428085685142
B7_20181219,B7,20181219,0.002337640258415505
B2_20190413,B2,20190413,0.002337640258415505
NDRE_20190712,NDRE,20190712,0.0022951377082624956
B8A_20190702,B8A,20190702,0.0022951377082624956
B4_20190523,B4,20190523,0.0022951377082624956
NDRE_20190905,NDRE,20190905,0.0022951377082624956
B8A_20190617,B8A,20190617,0.0022951377082624956
B6_20190319,B6,20190319,0.0022951377082624956
B2_20190712,B2,20190712,0.0022951377082624956
B5_20190915,B5,20190915,0.0022526351581094867
NDMI_20190627,NDMI,20190627,0.0022526351581094867
B3_20190910,B3,20190910,0.0022526351581094867
B4_20181005,B4,20181005,0.0022526351581094867
B12_20190910,B12,20190910,0.0022526351581094867
B3_20190717,B3,20190717,0.0022526351581094867
B11_20190712,B11,20190712,0.0022526351581094867
B4_20190707,B4,20190707,0.0022526351581094867
B11_20190612,B11,20190612,0.0022526351581094867
B11_20190717,B11,20190717,0.0022101326079564773
B4_20190717,B4,20190717,0.0022101326079564773
B2_20190910,B2,20190910,0.0022101326079564773
B12_20181124,B12,20181124,0.0022101326079564773
NDVI_20190503,NDVI,20190503,0.0022101326079564773
B11_20190905,B11,20190905,0.0022101326079564773
B6_20190612,B6,20190612,0.0022101326079564773
NDWI_20181209,NDWI,20181209,0.0022101326079564773
B5_20190513,B5,20190513,0.0022101326079564773
B8_20190612,B8,20190612,0.002167630057803468
B8_20190602,B8,20190602,0.002167630057803468
NDMI_20181020,NDMI,20181020,0.002167630057803468
NDVI_20190712,NDVI,20190712,0.002167630057803468
B11_20181109,B11,20181109,0.002167630057803468
B2_20181015,B2,20181015,0.002167630057803468
NDMI_20190513,NDMI,20190513,0.002167630057803468
NDWI_20181109,NDWI,20181109,0.002167630057803468
B8_20190128,B8,20190128,0.002167630057803468
NDWI_20190627,NDWI,20190627,0.002167630057803468
B7_20190717,B7,20190717,0.002125127507650459
B8A_20190418,B8A,20190418,0.002125127507650459
NDMI_20190821,NDMI,20190821,0.002125127507650459
B7_20190128,B7,20190128,0.002125127507650459
B12_20190702,B12,20190702,0.002125127507650459
B4_20190128,B4,20190128,0.0020826249574974498
NDMI_20190717,NDMI,20190717,0.0020826249574974498
B3_20190722,B3,20190722,0.0020826249574974498
B11_20190413,B11,20190413,0.0020826249574974498
NDWI_20190128,NDWI,20190128,0.0020826249574974498
B8_20190712,B8,20190712,0.0020826249574974498
B12_20190523,B12,20190523,0.0020826249574974498
B8_20181124,B8,20181124,0.0020826249574974498
B3_20190418,B3,20190418,0.002040122407344441
B8A_20190722,B8A,20190722,0.002040122407344441
B12_20190831,B12,20190831,0.002040122407344441
B4_20181124,B4,20181124,0.002040122407344441
B3_20190319,B3,20190319,0.002040122407344441
B11_20181209,B11,20181209,0.002040122407344441
B5_20190831,B5,20190831,0.0019976198571914315
B5_20190717,B5,20190717,0.0019976198571914315
B5_20181124,B5,20181124,0.0019976198571914315
B4_20181109,B4,20181109,0.0019976198571914315
B2_20190513,B2,20190513,0.0019976198571914315
B2_20190602,B2,20190602,0.0019976198571914315
NDRE_20190920,NDRE,20190920,0.0019976198571914315
B7_20181109,B7,20181109,0.0019976198571914315
B11_20190503,B11,20190503,0.0019976198571914315
NDWI_20181124,NDWI,20181124,0.001955117307038422
B11_20190602,B11,20190602,0.001955117307038422
NDVI_20181109,NDVI,20181109,0.001955117307038422
B7_20191025,B7,20191025,0.001955117307038422
NDRE_20190930,NDRE,20190930,0.001955117307038422
B8_20190702,B8,20190702,0.001955117307038422
B8_20190910,B8,20190910,0.001955117307038422
NDVI_20190627,NDVI,20190627,0.001912614756885413
B6_20190329,B6,20190329,0.001912614756885413
B12_20190801,B12,20190801,0.001912614756885413
B11_20190319,B11,20190319,0.001912614756885413
B8A_20181124,B8A,20181124,0.001912614756885413
B5_20190128,B5,20190128,0.001912614756885413
NDMI_20190930,NDMI,20190930,0.001912614756885413
B12_20190513,B12,20190513,0.001912614756885413
NDMI_20190503,NDMI,20190503,0.001912614756885413
B7_20190602,B7,20190602,0.001912614756885413
B8_20190617,B8,20190617,0.001912614756885413
B6_20190801,B6,20190801,0.001912614756885413
NDRE_20181219,NDRE,20181219,0.001912614756885413
B7_20190915,B7,20190915,0.001912614756885413
B5_20181109,B5,20181109,0.001912614756885413
NDVI_20181209,NDVI,20181209,0.001870112206732404
B6_20190324,B6,20190324,0.001870112206732404
NDMI_20190702,NDMI,20190702,0.001870112206732404
B5_20190319,B5,20190319,0.001870112206732404
NDRE_20181124,NDRE,20181124,0.001870112206732404
B2_20190612,B2,20190612,0.001870112206732404
B2_20190503,B2,20190503,0.0018276096565793948
B8A_20190602,B8A,20190602,0.0018276096565793948
NDVI_20190612,NDVI,20190612,0.0018276096565793948
B12_20190612,B12,20190612,0.0018276096565793948
B6_20181005,B6,20181005,0.0018276096565793948
B5_20190413,B5,20190413,0.0018276096565793948
B2_20190222,B2,20190222,0.0018276096565793948
B2_20190128,B2,20190128,0.0018276096565793948
NDMI_20190707,NDMI,20190707,0.0018276096565793948
NDVI_20181219,NDVI,20181219,0.0018276096565793948
B6_20190831,B6,20190831,0.0018276096565793948
B11_20190227,B11,20190227,0.0018276096565793948
B7_20190319,B7,20190319,0.0018276096565793948
B8_20190418,B8,20190418,0.0017851071064263857
NDMI_20190722,NDMI,20190722,0.0017851071064263857
B8A_20190503,B8A,20190503,0.0017851071064263857
B8_20190722,B8,20190722,0.0017851071064263857
NDMI_20190712,NDMI,20190712,0.0017851071064263857
B12_20180920,B12,20180920,0.0017851071064263857
B3_20190617,B3,20190617,0.0017851071064263857
NDMI_20181015,NDMI,20181015,0.0017851071064263857
B8_20190503,B8,20190503,0.0017851071064263857
NDWI_20181219,NDWI,20181219,0.0017851071064263857
B2_20190707,B2,20190707,0.0017851071064263857
B12_20190103,B12,20190103,0.0017851071064263857
NDRE_20190831,NDRE,20190831,0.0017851071064263857
B2_20191025,B2,20191025,0.0017851071064263857
NDWI_20190905,NDWI,20190905,0.0017851071064263857
B8A_20181209,B8A,20181209,0.0017851071064263857
B2_20190627,B2,20190627,0.0017851071064263857
B3_20181109,B3,20181109,0.0017426045562733763
NDVI_20190920,NDVI,20190920,0.0017426045562733763
NDMI_20190413,NDMI,20190413,0.0017426045562733763
B7_20190503,B7,20190503,0.0017426045562733763
B4_20181219,B4,20181219,0.0017426045562733763
B5_20190826,B5,20190826,0.0017426045562733763
B8A_20190413,B8A,20190413,0.0017426045562733763
B6_20190930,B6,20190930,0.0017426045562733763
B3_20181219,B3,20181219,0.0017426045562733763
NDRE_20190523,NDRE,20190523,0.0017426045562733763
NDRE_20190627,NDRE,20190627,0.0017426045562733763
B5_20190612,B5,20190612,0.0017426045562733763
B7_20190801,B7,20190801,0.0017426045562733763
B7_20190930,B7,20190930,0.0017426045562733763
B8_20190801,B8,20190801,0.0017426045562733763
B2_20190319,B2,20190319,0.0017426045562733763
B11_20190801,B11,20190801,0.0017001020061203672
B3_20190222,B3,20190222,0.0017001020061203672
B2_20190801,B2,20190801,0.0017001020061203672
B4_20181209,B4,20181209,0.0017001020061203672
B5_20190930,B5,20190930,0.0017001020061203672
B5_20190905,B5,20190905,0.0017001020061203672
B8A_20191025,B8A,20191025,0.0017001020061203672
B5_20190418,B5,20190418,0.0017001020061203672
B4_20180930,B4,20180930,0.001657599455967358
NDMI_20180920,NDMI,20180920,0.001657599455967358
NDVI_20190324,NDVI,20190324,0.001657599455967358
NDVI_20190128,NDVI,20190128,0.001657599455967358
B2_20181209,B2,20181209,0.001657599455967358
B8A_20190523,B8A,20190523,0.001657599455967358
NDMI_20190831,NDMI,20190831,0.001657599455967358
NDWI_20190910,NDWI,20190910,0.001657599455967358
B8_20190319,B8,20190319,0.001657599455967358
NDWI_20190413,NDWI,20190413,0.001657599455967358
B5_20190503,B5,20190503,0.001657599455967358
B8A_20181219,B8A,20181219,0.001657599455967358
B3_20190712,B3,20190712,0.0016150969058143488
NDVI_20190930,NDVI,20190930,0.0016150969058143488
NDVI_20190801,NDVI,20190801,0.0016150969058143488
B8A_20190712,B8A,20190712,0.0016150969058143488
NDWI_20190612,NDWI,20190612,0.0016150969058143488
B7_20190821,B7,20190821,0.0016150969058143488
NDWI_20190707,NDWI,20190707,0.0016150969058143488
B8A_20190319,B8A,20190319,0.0016150969058143488
NDWI_20190930,NDWI,20190930,0.0016150969058143488
NDRE_20190418,NDRE,20190418,0.0016150969058143488
B6_20190503,B6,20190503,0.0016150969058143488
B12_20190627,B12,20190627,0.0016150969058143488
B12_20181209,B12,20181209,0.0015725943556613396
B11_20180920,B11,20180920,0.0015725943556613396
B8A_20190821,B8A,20190821,0.0015725943556613396
B7_20181124,B7,20181124,0.0015725943556613396
NDRE_20181209,NDRE,20181209,0.0015725943556613396
NDMI_20190905,NDMI,20190905,0.0015725943556613396
NDRE_20190513,NDRE,20190513,0.0015725943556613396
B4_20190513,B4,20190513,0.0015725943556613396
B6_20190915,B6,20190915,0.0015725943556613396
B8A_20190915,B8A,20190915,0.0015725943556613396
B6_20181015,B6,20181015,0.0015725943556613396
B7_20181015,B7,20181015,0.0015725943556613396
B4_20190324,B4,20190324,0.0015725943556613396
B5_20190324,B5,20190324,0.0015725943556613396
B12_20190905,B12,20190905,0.0015300918055083305
B8A_20190905,B8A,20190905,0.0015300918055083305
NDVI_20190905,NDVI,20190905,0.0015300918055083305
NDVI_20190707,NDVI,20190707,0.0015300918055083305
B8A_20190627,B8A,20190627,0.0015300918055083305
B5_20180920,B5,20180920,0.0015300918055083305
B6_20190413,B6,20190413,0.0015300918055083305
B3_20190627,B3,20190627,0.0015300918055083305
B12_20190413,B12,20190413,0.0015300918055083305
B11_20190920,B11,20190920,0.0015300918055083305
B7_20190612,B7,20190612,0.0015300918055083305
B4_20190418,B4,20190418,0.0015300918055083305
B12_20190722,B12,20190722,0.0015300918055083305
NDWI_20190801,NDWI,20190801,0.0015300918055083305
B7_20190513,B7,20190513,0.0015300918055083305
B7_20190523,B7,20190523,0.0015300918055083305
B12_20190821,B12,20190821,0.0015300918055083305
B3_20190831,B3,20190831,0.0014875892553553214
B4_20190329,B4,20190329,0.0014875892553553214
B5_20190920,B5,20190920,0.0014875892553553214
NDVI_20190717,NDVI,20190717,0.0014875892553553214
B2_20190717,B2,20190717,0.0014875892553553214
NDRE_20190329,NDRE,20190329,0.0014875892553553214
B8_20190627,B8,20190627,0.0014875892553553214
NDVI_20180920,NDVI,20180920,0.0014875892553553214
B4_20190722,B4,20190722,0.0014875892553553214
B8_20181219,B8,20181219,0.0014875892553553214
B11_20190217,B11,20190217,0.0014875892553553214
B6_20190905,B6,20190905,0.001445086705202312
NDWI_20190915,NDWI,20190915,0.001445086705202312
NDWI_20190831,NDWI,20190831,0.001445086705202312
B2_20190722,B2,20190722,0.001445086705202312
B8_20190930,B8,20190930,0.001445086705202312
B5_20191025,B5,20191025,0.001445086705202312
B8A_20190513,B8A,20190513,0.001445086705202312
B12_20190319,B12,20190319,0.001445086705202312
B11_20190103,B11,20190103,0.001445086705202312
B7_20190418,B7,20190418,0.001445086705202312
B2_20190418,B2,20190418,0.001445086705202312
B5_20181020,B5,20181020,0.001445086705202312
NDVI_20190910,NDVI,20190910,0.001402584155049303
B8A_20190920,B8A,20190920,0.001402584155049303
NDVI_20181124,NDVI,20181124,0.001402584155049303
B4_20190712,B4,20190712,0.001402584155049303
NDMI_20190227,NDMI,20190227,0.001402584155049303
NDRE_20180920,NDRE,20180920,0.001402584155049303
NDWI_20180920,NDWI,20180920,0.001402584155049303
NDVI_20190702,NDVI,20190702,0.001402584155049303
NDRE_20181015,NDRE,20181015,0.001402584155049303
B8A_20190801,B8A,20190801,0.001402584155049303
B8_20190513,B8,20190513,0.001402584155049303
NDRE_20181020,NDRE,20181020,0.0013600816048962938
B12_20181015,B12,20181015,0.0013600816048962938
B11_20180930,B11,20180930,0.0013600816048962938
B2_20190329,B2,20190329,0.0013600816048962938
B6_20190712,B6,20190712,0.0013600816048962938
B6_20190128,B6,20190128,0.0013600816048962938
NDVI_20190722,NDVI,20190722,0.0013600816048962938
B3_20181124,B3,20181124,0.0013600816048962938
NDVI_20181020,NDVI,20181020,0.0013600816048962938
B3_20190413,B3,20190413,0.0013600816048962938
B3_20190324,B3,20190324,0.0013600816048962938
NDMI_20190418,NDMI,20190418,0.0013600816048962938
B7_20190702,B7,20190702,0.0013175790547432847
NDMI_20190222,NDMI,20190222,0.0013175790547432847
B8_20190826,B8,20190826,0.0013175790547432847
B5_20181209,B5,20181209,0.0013175790547432847
B2_20190324,B2,20190324,0.0013175790547432847
NDWI_20190826,NDWI,20190826,0.0013175790547432847
B2_20190930,B2,20190930,0.0013175790547432847
B3_20190915,B3,20190915,0.0013175790547432847
B7_20190831,B7,20190831,0.0013175790547432847
B7_20190627,B7,20190627,0.0013175790547432847
B2_20190217,B2,20190217,0.0013175790547432847
B8_20190821,B8,20190821,0.0012750765045902754
B4_20190910,B4,20190910,0.0012750765045902754
NDRE_20190222,NDRE,20190222,0.0012750765045902754
NDWI_20190418,NDWI,20190418,0.0012750765045902754
B5_20190712,B5,20190712,0.0012750765045902754
NDWI_20181020,NDWI,20181020,0.0012325739544372662
B5_20190627,B5,20190627,0.0012325739544372662
NDWI_20190319,NDWI,20190319,0.0012325739544372662
B8_20190831,B8,20190831,0.0012325739544372662
B5_20180930,B5,20180930,0.0012325739544372662
B8_20191025,B8,20191025,0.0012325739544372662
NDRE_20190717,NDRE,20190717,0.0012325739544372662
B8_20181209,B8,20181209,0.0012325739544372662
B7_20190920,B7,20190920,0.0012325739544372662
B11_20181020,B11,20181020,0.0012325739544372662
B5_20190329,B5,20190329,0.0012325739544372662
B3_20190612,B3,20190612,0.0012325739544372662
B2_20181005,B2,20181005,0.0012325739544372662
NDVI_20181015,NDVI,20181015,0.0012325739544372662
NDWI_20190920,NDWI,20190920,0.0012325739544372662
B7_20181005,B7,20181005,0.0011900714042842571
B8A_20190831,B8A,20190831,0.0011900714042842571
B4_20190503,B4,20190503,0.0011900714042842571
B11_20190915,B11,20190915,0.0011900714042842571
NDWI_20190103,NDWI,20190103,0.0011900714042842571
B7_20181209,B7,20181209,0.0011900714042842571
NDVI_20190915,NDVI,20190915,0.0011900714042842571
NDRE_20190324,NDRE,20190324,0.0011900714042842571
B12_20190418,B12,20190418,0.0011900714042842571
NDVI_20190413,NDVI,20190413,0.0011900714042842571
NDVI_20190319,NDVI,20190319,0.0011900714042842571
B6_20181020,B6,20181020,0.0011475688541312478
B5_20190702,B5,20190702,0.0011475688541312478
B8_20190905,B8,20190905,0.0011475688541312478
B8_20181015,B8,20181015,0.0011475688541312478
NDWI_20190324,NDWI,20190324,0.0011475688541312478
B11_20190831,B11,20190831,0.0011475688541312478
B3_20190801,B3,20190801,0.0011475688541312478
NDMI_20190103,NDMI,20190103,0.0011475688541312478
NDRE_20190707,NDRE,20190707,0.0011475688541312478
B3_20190920,B3,20190920,0.0011475688541312478
B3_20190217,B3,20190217,0.0011475688541312478
B8A_20181005,B8A,20181005,0.0011050663039782387
B4_20181015,B4,20181015,0.0011050663039782387
B3_20190128,B3,20190128,0.0011050663039782387
B8A_20181015,B8A,20181015,0.0011050663039782387
B4_20190413,B4,20190413,0.0011050663039782387
NDRE_20190801,NDRE,20190801,0.0011050663039782387
B2_20190103,B2,20190103,0.0011050663039782387
NDMI_20190217,NDMI,20190217,0.0011050663039782387
B6_20181124,B6,20181124,0.0011050663039782387
B8_20190915,B8,20190915,0.0011050663039782387
B6_20191025,B6,20191025,0.0011050663039782387
NDMI_20190319,NDMI,20190319,0.0011050663039782387
NDRE_20190319,NDRE,20190319,0.0011050663039782387
NDVI_20181005,NDVI,20181005,0.0011050663039782387
B8A_20190826,B8A,20190826,0.0011050663039782387
NDWI_20190702,NDWI,20190702,0.0011050663039782387
NDMI_20181209,NDMI,20181209,0.0011050663039782387
B3_20181015,B3,20181015,0.0011050663039782387
B12_20181020,B12,20181020,0.0010625637538252295
B6_20190920,B6,20190920,0.0010625637538252295
B2_20190826,B2,20190826,0.0010625637538252295
B2_20190831,B2,20190831,0.0010625637538252295
B4_20190920,B4,20190920,0.0010625637538252295
B3_20181209,B3,20181209,0.0010625637538252295
NDRE_20190722,NDRE,20190722,0.0010625637538252295
B8A_20180930,B8A,20180930,0.0010625637538252295
B4_20190319,B4,20190319,0.0010625637538252295
NDMI_20190920,NDMI,20190920,0.0010625637538252295
B3_20190702,B3,20190702,0.0010625637538252295
B4_20190627,B4,20190627,0.0010625637538252295
B2_20190702,B2,20190702,0.0010625637538252295
B5_20190801,B5,20190801,0.0010625637538252295
NDVI_20190329,NDVI,20190329,0.0010200612036722204
B3_20190826,B3,20190826,0.0010200612036722204
NDMI_20180930,NDMI,20180930,0.0010200612036722204
B6_20181209,B6,20181209,0.0010200612036722204
NDVI_20190831,NDVI,20190831,0.0010200612036722204
B6_20180920,B6,20180920,0.0010200612036722204
NDRE_20190826,NDRE,20190826,0.0010200612036722204
B4_20190831,B4,20190831,0.0010200612036722204
B4_20181020,B4,20181020,0.0010200612036722204
B2_20181020,B2,20181020,0.0010200612036722204
B7_20190329,B7,20190329,0.0010200612036722204
NDMI_20181005,NDMI,20181005,0.0010200612036722204
B2_20190905,B2,20190905,0.0010200612036722204
B7_20190413,B7,20190413,0.0010200612036722204
B8_20181005,B8,20181005,0.0010200612036722204
B11_20190324,B11,20190324,0.0010200612036722204
B4_20191025,B4,20191025,0.0010200612036722204
NDWI_20190722,NDWI,20190722,0.0010200612036722204
B3_20181005,B3,20181005,0.0010200612036722204
NDWI_20190329,NDWI,20190329,0.000977558653519211
B12_20181005,B12,20181005,0.000977558653519211
B3_20180920,B3,20180920,0.000977558653519211
NDWI_20190222,NDWI,20190222,0.000977558653519211
B8A_20190329,B8A,20190329,0.000977558653519211
NDRE_20190217,NDRE,20190217,0.000977558653519211
B5_20181005,B5,20181005,0.000977558653519211
B3_20191025,B3,20191025,0.000977558653519211
B4_20190930,B4,20190930,0.000977558653519211
B8_20180930,B8,20180930,0.000935056103366202
B8_20181020,B8,20181020,0.000935056103366202
B8A_20181020,B8A,20181020,0.000935056103366202
B7_20190826,B7,20190826,0.000935056103366202
B8_20190329,B8,20190329,0.000935056103366202
B11_20190826,B11,20190826,0.000935056103366202
B4_20190905,B4,20190905,0.000935056103366202
NDWI_20190717,NDWI,20190717,0.000935056103366202
B12_20190217,B12,20190217,0.000935056103366202
B3_20190503,B3,20190503,0.000935056103366202
B4_20190801,B4,20190801,0.000935056103366202
NDRE_20190103,NDRE,20190103,0.000935056103366202
B3_20190905,B3,20190905,0.000935056103366202
NDVI_20190418,NDVI,20190418,0.0008925535532131928
NDMI_20190128,NDMI,20190128,0.0008925535532131928
B4_20190222,B4,20190222,0.0008925535532131928
B5_20190222,B5,20190222,0.0008925535532131928
NDVI_20190103,NDVI,20190103,0.0008925535532131928
B12_20190222,B12,20190222,0.0008925535532131928
NDVI_20190222,NDVI,20190222,0.0008925535532131928
B2_20180920,B2,20180920,0.0008500510030601836
B8_20190413,B8,20190413,0.0008500510030601836
NDRE_20181005,NDRE,20181005,0.0008500510030601836
B4_20180920,B4,20180920,0.0008500510030601836
NDVI_20180930,NDVI,20180930,0.0008500510030601836
NDRE_20190702,NDRE,20190702,0.0008500510030601836
NDWI_20181015,NDWI,20181015,0.0008500510030601836
NDMI_20190826,NDMI,20190826,0.0008500510030601836
B3_20190930,B3,20190930,0.0008500510030601836
B6_20180930,B6,20180930,0.0008500510030601836
B8A_20190227,B8A,20190227,0.0008500510030601836
B8_20180920,B8,20180920,0.0008500510030601836
B7_20190905,B7,20190905,0.0008500510030601836
NDWI_20190217,NDWI,20190217,0.0008500510030601836
B3_20190227,B3,20190227,0.0008075484529071744
NDVI_20190217,NDVI,20190217,0.0008075484529071744
B12_20190826,B12,20190826,0.0008075484529071744
B7_20180920,B7,20180920,0.0008075484529071744
B12_20190920,B12,20190920,0.0008075484529071744
B5_20190217,B5,20190217,0.0007650459027541653
NDVI_20190227,NDVI,20190227,0.0007650459027541653
NDMI_20190324,NDMI,20190324,0.0007650459027541653
B11_20190222,B11,20190222,0.000722543352601156
NDMI_20190915,NDMI,20190915,0.000722543352601156
B4_20190702,B4,20190702,0.000722543352601156
B4_20190227,B4,20190227,0.000722543352601156
B7_20181020,B7,20181020,0.000722543352601156
B11_20181005,B11,20181005,0.000722543352601156
B12_20190915,B12,20190915,0.000722543352601156
B12_20180930,B12,20180930,0.000722543352601156
B8_20190920,B8,20190920,0.0006800408024481469
B4_20190612,B4,20190612,0.0006800408024481469
B8A_20190324,B8A,20190324,0.0006800408024481469
NDWI_20190227,NDWI,20190227,0.0006800408024481469
NDRE_20190227,NDRE,20190227,0.0006800408024481469
B4_20190103,B4,20190103,0.0006800408024481469
B5_20190103,B5,20190103,0.0006800408024481469
B7_20190324,B7,20190324,0.0006800408024481469
B4_20190915,B4,20190915,0.0006800408024481469
B8_20190217,B8,20190217,0.0006800408024481469
B12_20190227,B12,20190227,0.0006375382522951377
B7_20180930,B7,20180930,0.0006375382522951377
NDVI_20190826,NDVI,20190826,0.0006375382522951377
B4_20190826,B4,20190826,0.0006375382522951377
B3_20190329,B3,20190329,0.0006375382522951377
B8A_20180920,B8A,20180920,0.0006375382522951377
B5_20190227,B5,20190227,0.0005950357021421286
B12_20190324,B12,20190324,0.0005950357021421286
NDMI_20190329,NDMI,20190329,0.0005950357021421286
B2_20190915,B2,20190915,0.0005950357021421286
B3_20180930,B3,20180930,0.0005525331519891193
B8A_20190217,B8A,20190217,0.0005525331519891193
B6_20190222,B6,20190222,0.0005525331519891193
NDRE_20180930,NDRE,20180930,0.0005525331519891193
NDWI_20180930,NDWI,20180930,0.0005525331519891193
B2_20190920,B2,20190920,0.0005525331519891193
NDWI_20181005,NDWI,20181005,0.0005525331519891193
B7_20190222,B7,20190222,0.0005100306018361102
B11_20190329,B11,20190329,0.0005100306018361102
B12_20190329,B12,20190329,0.000467528051683101
B3_20190103,B3,20190103,0.000467528051683101
B8_20190222,B8,20190222,0.0004250255015300918
B2_20190227,B2,20190227,0.0004250255015300918
B4_20190217,B4,20190217,0.0004250255015300918
B8_20190103,B8,20190103,0.0004250255015300918
B6_20190103,B6,20190103,0.0004250255015300918
B6_20190227,B6,20190227,0.00038252295137708263
B2_20180930,B2,20180930,0.00038252295137708263
B3_20181020,B3,20181020,0.00038252295137708263
B8_20190227,B8,20190227,0.00034002040122407346
B7_20190227,B7,20190227,0.00034002040122407346
B8A_20190103,B8A,20190103,0.00034002040122407346
B6_20190217,B6,20190217,0.0002975178510710643
B8A_20190222,B8A,20190222,0.0002550153009180551
B7_20190217,B7,20190217,0.0002550153009180551
B7_20190103,B7,20190103,0.0002550153009180551
