date,importance
20180920,0.013943587790646226
20180930,0.014420566614539597
20181005,0.015252791737852107
20181015,0.014233930947640548
20181020,0.016520691090133818
20181109,0.011959767285457702
20181124,0.011236937429010935
20181209,0.006858954143546326
20181219,0.00919387068030185
20190103,0.008868764011970141
20190128,0.01124468548639895
20190217,0.011091900811759422
20190222,0.0062668217988160165
20190227,0.011592305093099765
20190319,0.009230844729735468
20190324,0.030625174691442787
20190329,0.032216145766619714
20190413,0.008851834025557993
20190418,0.028968659640572693
20190503,0.008498241727382595
20190513,0.0495664413640613
20190523,0.0817134904030139
20190602,0.0719209171416118
20190612,0.013786081451685507
20190617,0.07186254049349101
20190627,0.02304685240501469
20190702,0.03314925132632466
20190707,0.0773721408663937
20190712,0.010046295673911737
20190717,0.030335460150804634
20190722,0.038369111920077734
20190801,0.015222617068512226
20190821,0.050738761972571496
20190826,0.028948310257303118
20190831,0.023308429343778535
20190905,0.008333492320278881
20190910,0.020990867987834935
20190915,0.02301981629216561
20190920,0.021148127918227004
20190930,0.01440939581028911
20191025,0.011635122330163786
