date,0,1,2,3,4,5,6,7,8,10,11,12,13,14,15,16,17,18,19
2018-09-20,0.5987736634403329,0.529159468029098,0.27026813612722445,0.3824892995879963,0.25092631698836826,0.20770774723967403,0.4245697427455181,0.3362290242704174,0.4634082212767193,0.34018007667684413,0.30740285939183726,0.4984048351336279,0.5552961615067494,0.35946385838175116,0.35887277370300996,0.7386011250813802,0.40485071898420194,0.4091572785155476,0.39526836805599047
2018-09-30,0.6319787665861522,0.5547273760218532,0.22734582858353186,0.37888761124844395,0.2185684212478061,0.2923384205248468,0.33750036660976673,0.3166830801792067,0.42473843372444237,0.3062929155322779,0.2523676536823141,0.5347940321491391,0.5618855923036986,0.40058997833447607,0.32259954420427384,0.7915213012695312,0.35610412802276026,0.3652053056009836,0.4001489831874308
2018-10-05,0.6014980484753397,0.5278010436003714,0.2200441640289881,0.36960899736777697,0.21831770158134378,0.34791811988134896,0.302616587157623,0.3043298857709114,0.41131650789962826,0.29541946389821655,0.21559459291655442,0.5098610373243306,0.5507266370556022,0.4048956567131116,0.3089445579401087,0.7461053466796875,0.3494645231985041,0.34088465518849376,0.3893692801160466
2018-10-10,0.008208013012402045,0.008983237506784772,0.005159451233352067,0.00694564366316214,0.006003083473931056,0.009086459929315014,0.0069293594567216765,0.005437167437020069,0.005183485094942568,0.007952566803814039,0.0077623161776312465,0.006872044601060909,0.012898294231559656,0.011986624583358986,0.005920965798191822,0.011641274293263754,0.009479197037631068,0.005802862592704324,0.007253081146663473
2018-10-15,0.5574816581550933,0.5524576947665389,0.2137066369834842,0.38515475807838445,0.20640179324014216,0.4939055137755806,0.2898589108946137,0.31403916682812727,0.45309014869888475,0.2800264324046576,0.2554608206913389,0.5327313217300127,0.5056329558167276,0.4445612760818286,0.29368013464804343,0.705833485921224,0.25071926190021854,0.364411556817575,0.40230423596641524
2018-10-20,0.5760530806448192,0.5657025305268885,0.1922600725539771,0.3845860298831463,0.20116089919435254,0.5672739996892852,0.2768308577998992,0.3077024353709123,0.4663404046381273,0.23766935889438073,0.17237893203209187,0.5373710911131452,0.49163567265377767,0.46069057579940303,0.2764689189189749,0.6825889587402344,0.19053070828375687,0.37118450759636756,0.40375879745167287
2018-11-04,0.01173499154493331,0.012785256471246542,0.007940479867495751,0.009957939984144471,0.006824089060373021,0.009811773346757877,0.011169963374665255,0.004082598007600185,0.024316670017171527,0.01194399643445775,0.009260298465860302,-0.020708592693367844,0.02413632899900026,0.013360661601782486,0.009722219765500122,0.02413910706837972,0.018669514123964125,0.008803940679097804,0.010073545536525699
2018-11-09,0.33795423861035734,0.3434403605717341,0.2242518559157816,0.29073376456411637,0.25865101890306685,0.42715174742896234,0.2191521692935223,0.24582994231875074,0.08181122847206088,0.23250070227786893,0.24390907550680227,0.35535866544504363,0.11046573783777937,0.303872963135541,0.23530045694016674,0.12915115356445311,0.19681341565888502,0.3188837866559226,0.2942650641752472
2018-11-24,0.416762216562382,0.5013169909429077,0.2998720893619993,0.34630289798405806,0.35177513324059917,0.522535599476913,0.25966472202731716,0.2589817556860502,0.22289462745411245,0.34445187709380876,0.25376449058795797,0.3583988651619418,0.38716238963453076,0.4529793432699798,0.25476615632117755,0.3604369099934896,0.34617424413162173,0.35523788938905926,0.39494076067827144
2018-12-09,0.4871949968708806,0.5898515609353073,0.4182694651835924,0.39992864244989174,0.5122267212399634,0.5990071205031919,0.2828675784548307,0.3296609760662349,0.09243292826259003,0.3890893102828272,0.23938332524792902,0.604387378426815,0.2613296025915991,0.41544621334586207,0.3036464052398019,0.7476368204752604,0.41013028966512716,0.4873347621590448,0.4795004050886719
2018-12-19,0.35632056644802695,0.377288538792175,0.2947377853559088,0.2881741774640705,0.3905702498269059,0.4124830197462716,0.26041049445005054,0.3147931993474342,0.0758528698775848,0.28305500402209244,0.2542963277882543,0.5574585402776081,0.00900492713421206,0.3224951573351959,0.26055971908506576,0.2550366465250651,0.24407156614508208,0.4172046178398639,0.3217108398801054
2019-01-03,0.5385349866701816,0.7106331456926911,0.5699974788634581,0.45541821354983475,0.6403188175763772,0.7536798842252583,0.31629746026157785,0.33737725571384386,0.5208300055181226,0.541693869649365,0.4269772654566272,0.5588359058955462,0.3717083267018765,0.6008147971434213,0.3268371804837688,0.7168763732910156,0.5193657714288353,0.4755556602772803,0.5859388655783309
2019-01-28,0.4295859620850098,0.5041505355849367,0.3452622812926622,0.3438723217826249,0.380134352689356,0.501159431048755,0.30451894163536036,0.239529670510639,0.0724350315930675,0.4061820524443226,0.360146510683257,0.2061229610118234,0.43271854255772846,0.36913776918549845,0.29037847674257783,0.9233912150065104,0.3793167148970096,0.3915516611654404,0.41808280006816456
2019-02-12,0.22464039825777887,0.2743258994807444,0.2649541992381235,0.21235371176083728,0.3360785058442149,0.3242739863233105,0.19955283005116722,0.16229005026187612,0.0448267089389957,0.20005995665496012,0.16880634965567753,0.3656262283762308,0.03636462778984746,0.21314769795523314,0.13910156609040022,0.06720642725626627,0.15737990090673454,0.15794124191341624,0.2662252358848118
2019-02-17,0.4783688906314559,0.6547188210137507,0.5367095180218496,0.38685958051324687,0.595059344893216,0.6280037469537078,0.26612340442595944,0.2858742021894589,0.39446826353392195,0.5337717682446377,0.4078686944369612,0.4451535668820558,0.3246702121782906,0.5276136614201812,0.2892130033794929,0.6658797709147135,0.4909345743756641,0.42482270810871947,0.5286040174874799
2019-02-22,0.4713074629883563,0.6545077607350768,0.5447976468932665,0.37988081039675703,0.5944361091459934,0.6288316600064474,0.26608472787839477,0.25196911514844533,0.38905233503717473,0.5531744657047007,0.4178453747979526,0.466267728406824,0.33898353576660156,0.5361135510566474,0.2800051804160005,0.69464111328125,0.49850283125807954,0.4159599487111194,0.5275574723544423
2019-02-27,0.471763530783665,0.6479160257542396,0.56621509120696,0.36906579977053827,0.6171226632430732,0.6260636992969385,0.24976152318963257,0.2513509189451596,0.42409291320573883,0.5630235942147337,0.4174958327720905,0.415082832282082,0.3187335291995278,0.5309914463170631,0.27292497858635567,0.6635939534505209,0.49961172374272256,0.3968359303044545,0.5275595922837499
2019-03-19,0.5001215949497336,0.663186505121767,0.7107670957509479,0.3959786032241826,0.7211480857362785,0.7578927898249939,0.19865600634280436,0.2835932045767434,0.5768851014318076,0.6656770817746938,0.40506071945716593,0.4808884848378767,0.715137433402146,0.6157249283409391,0.30766617458641,0.7922044372558594,0.5818191389471178,0.490380057585648,0.5965035384058753
2019-03-24,0.5166970504228974,0.7486707765993292,0.746785889639018,0.3870616301843281,0.7927266812287544,0.7937602372758253,0.28843724425487255,0.2530162656763947,0.5579774537494191,0.7545030772509718,0.6182874482253502,0.4510183301862455,0.36176172087464153,0.6652962000890493,0.28930452617621416,0.735205332438151,0.6454064033040599,0.4625352013340227,0.6272288044613903
2019-03-29,0.5349389376309802,0.7459020856438292,0.7511988764996866,0.3914925242626165,0.7915436943515438,0.7921916116057892,0.3183380535670689,0.25504914230090214,0.5321829076150093,0.7596482343670572,0.6523358049063847,0.45549538010744606,0.3345572314684904,0.6659435885454896,0.3069179149237304,0.7420404052734375,0.656419190227757,0.47797977605479197,0.6311444676591631
2019-04-13,0.6199724607613433,0.774641327576026,0.8268220042862419,0.36725651148336386,0.8409174208804676,0.8334647798386297,0.44383718231306646,0.32853207546878876,0.6938839143093634,0.7759846930828214,0.6768652554216056,0.5761638084924343,0.21741524225548853,0.7762725590263078,0.3343082454809432,0.5020445760091146,0.7305778828617256,0.576708263611118,0.6846065880373039
2019-04-18,0.6284176175941462,0.7695285357377321,0.8033676651149343,0.37994589839734855,0.8143897220868651,0.7413589824225214,0.49993999268052763,0.285181178542863,0.6830341324930297,0.8079075382369308,0.7337700153219289,0.5131498521678992,0.21782290784618522,0.7293962047166871,0.34562672001235223,0.7199408467610677,0.7365738938137946,0.4906859650147984,0.6560040778486048
2019-05-03,0.47318829692734826,0.5436613739457706,0.5822059421049605,0.27602727644536984,0.5815588194325786,0.54042850348047,0.3829042997365723,0.2816928195012538,0.6370758396985362,0.6295509046290683,0.42257539946457434,0.2862848102880285,0.0762899797173995,0.5687245263203387,0.2984449131720138,0.42702499389648435,0.4033640256786712,0.2761878657392967,0.4721069352749098
2019-05-13,0.7296346183402019,0.841684062675407,0.8904130688786907,0.3180454678122001,0.8821300485916471,0.848966821204452,0.8025708725924865,0.2603335744441831,0.6556614758799953,0.8857804575759332,0.8486161856815733,0.6063045963631137,0.21543997752515576,0.7776874178701778,0.29951547700819825,0.8528336079915365,0.8202601911464413,0.5335111495218868,0.6970135205752749
2019-05-23,0.7370109904874889,0.839446686442988,0.8981524717549842,0.2266372660126786,0.8730894298722659,0.863828878466759,0.8357450841209306,0.23823030075358378,0.6747669319237918,0.8865327602540667,0.855455111799569,0.6457934658680217,0.18391585048240952,0.6858480272931692,0.22104390601885873,0.8416279093424479,0.8371092668438324,0.4325835483249447,0.6759846727221275
2019-06-02,0.731987827899472,0.8248966432204266,0.8820939005686921,0.20996466101098296,0.7791525424144822,0.8457957958834336,0.8534737589172504,0.31204744445119004,0.5782875032673095,0.8436041211126041,0.83015677616514,0.6725419145798528,0.2480616509159909,0.7755226520528065,0.19661488468688584,0.8457978312174479,0.8293539281092385,0.28396668121416496,0.6621370934867211
2019-06-07,0.22367802450673901,0.20906017808565996,0.21915597884468246,0.17561500794289847,0.21222134452186003,0.1810079041470066,0.16308832113643945,0.23410245667595073,0.624509767440172,0.15757603455522207,0.27457658800585516,0.1183307924740231,-0.03493586974807932,0.19504566658367853,0.18817642684357855,0.09475980758666992,0.35964505347027176,0.13161153096077535,0.19572830744421166
2019-06-12,0.6539084307839707,0.6990429065353047,0.7448394516246868,0.3285174882201542,0.48302971407833695,0.7265849570840448,0.4883056384627171,0.5678739419298563,0.8135003412523234,0.7675155002820895,0.8341233036435883,0.7123577567437516,0.4651132414612589,0.6984654448163345,0.32177274707274517,0.10080233891805013,0.7518164193493196,0.2769050087956171,0.6149406999206257
2019-06-17,0.7239496408793719,0.7636770171547018,0.7965729868224979,0.398278057720674,0.4079564318033088,0.7473430977603419,0.790234928306896,0.6783390204460191,0.570768879603276,0.7254776105025157,0.7616842967066272,0.7383928396414589,0.5041200661961036,0.7789346608289798,0.35791890887140876,0.8353542073567708,0.7364617124827886,0.34744433513933864,0.6397875864372218
2019-06-27,0.6844567463815666,0.6820906803790073,0.5491229572553256,0.5352396173207221,0.32971976536775904,0.5082699416199834,0.635382865431122,0.7629284379327704,0.5368478541037407,0.5021712172474079,0.6116279759900324,0.7217527420833112,0.529694520974461,0.6347998168737579,0.4655869954194862,0.7358204650878907,0.5412070270699103,0.4561907981961747,0.5768276769435303
2019-07-02,0.6732448898565321,0.6576924243002139,0.3872502746718443,0.61728587539599,0.2741690042827829,0.39367105325692614,0.4898767235092304,0.777806203292399,0.493208035040079,0.3843497397591713,0.48804893756734913,0.7173570684324887,0.54536935347545,0.6540513309625502,0.5558474102158341,0.7380173238118489,0.4065168662089498,0.5425334013592542,0.5472634828370226
2019-07-07,0.6768164374994945,0.6534642436198752,0.3113703560752048,0.7093795605630473,0.2513703117743559,0.35514117297236103,0.38595887977406723,0.782419255088697,0.47597760622386154,0.3437314235650902,0.3988097828832166,0.707506476928295,0.5705996646156793,0.6707206555176748,0.6582569875776787,0.7550388590494792,0.37639337517749305,0.6610294657224047,0.5422341752873197
2019-07-12,0.4103953915200474,0.42881521896447505,0.24405257282340997,0.441247595188682,0.23695597866592386,0.2387981984051612,0.10886599693430184,0.501315305397025,0.3390783827544145,0.3031202936814954,0.32701999006600213,0.104847485526644,0.5543404591234424,0.4762850502198947,0.4157308807338528,0.09516085306803386,0.3532159297402334,0.3655830395205176,0.3598142116230811
2019-07-17,0.6199172577828794,0.5718791620660353,0.28913178727365135,0.6676645194376817,0.285932446890628,0.30946021743499824,0.3520776071856099,0.6745424908802173,0.38822048711953994,0.3882424036452851,0.35216771092908133,0.6096835687235067,0.5557351414161392,0.5873648987855077,0.6480701862020138,0.6954377746582031,0.3500207140984663,0.6859184705032461,0.5048464434001947
2019-07-22,0.6573424493582708,0.5834813137274649,0.24768558739154975,0.7286195220919339,0.25975441342251426,0.2512836424684861,0.3487413959569096,0.7259522762710757,0.3543718869801348,0.3065523847717225,0.30241079396214976,0.5814192007849851,0.5678314981581289,0.598795127657295,0.7320717282183824,0.7624451192220052,0.2955591848526878,0.750816543243511,0.5110427075010454
2019-08-01,0.6652417298339451,0.5998923613122685,0.298001967038372,0.7560045863431276,0.35158380763473934,0.34587480846567287,0.3676724719561739,0.7177425077481961,0.31895432029071796,0.37900631892379477,0.3936073145373114,0.5703093846835895,0.5675795832766762,0.5859993392197943,0.7943569916571077,0.7546680704752604,0.3723797337762241,0.7076272195415826,0.5450365479709751
2019-08-11,0.03751778504374042,0.04815587190232177,0.023093720793219343,0.034795875323211226,0.025510917272945192,0.016382898541947785,0.013570243465898704,0.020759055342924645,-0.02150675266648757,0.05954233010152904,0.1338383006330194,0.033578036738903985,0.006244072808495051,0.026975834324368574,0.0215314490163491,0.00727978785832723,0.05309845078950641,0.04664486171303113,0.03276991427072557
2019-08-21,0.7083442589090034,0.7112099211124392,0.27653321952198306,0.8207188484163348,0.3866171642980301,0.4608892554441951,0.34927969346947385,0.6346826904787501,0.5361998377236292,0.32303325804761474,0.35178134260506466,0.5861163772861815,0.6245189618460739,0.7136210812521411,0.8831750264721664,0.822282460530599,0.4120564113631559,0.8431553607273272,0.6024440373101407
2019-08-26,0.7027509403010757,0.7120909348715468,0.2797865233645581,0.8020540220632347,0.3642948724391667,0.4224046971684215,0.355321159011208,0.5485816670429833,0.5190914338406134,0.33282236963598655,0.38800803348935886,0.5703810027008198,0.6078651041924199,0.649238479539377,0.8405622635910722,0.7686869812011718,0.4542778453607669,0.8099273430703535,0.5860513944748368
2019-08-31,0.7187751048699945,0.7184548419665097,0.28270199662064155,0.7784229051355077,0.3485745820746355,0.3757862935732169,0.35743292932686166,0.4664402862271656,0.5249828466252323,0.33942749193926763,0.3158508432322535,0.5648814402486045,0.6703277298166782,0.6848546614351766,0.7441291891300745,0.8000547281901041,0.46615416281981487,0.8278071261973388,0.5788545228671048
2019-09-05,0.6437951166898042,0.6610804083316966,0.24105739219906624,0.7048770709019939,0.2882085303132086,0.34092197060041013,0.35732965150736445,0.41759778681945325,0.7707832648408457,0.27940831812752964,0.3434074980637123,0.30298753669292205,0.8445199893999703,0.573974170053762,0.5780407824419015,0.9840709431966146,0.43294835488001504,0.49276573917335253,0.5059838060712626
2019-09-10,0.6113842357817656,0.6050286511434375,0.35206821001837874,0.6378610207236683,0.3813608795000879,0.36180842171155464,0.39035439271531347,0.40623156050449,0.5390807424779275,0.38670998177479804,0.5008820001010237,0.5572486787656026,0.5513217298290397,0.6134243307374825,0.5216075564105481,0.5976247660319011,0.5214230522798853,0.5977377410640758,0.5236213519037144
2019-09-15,0.6573777067264448,0.6285675837142641,0.3225882217327832,0.6213663360520613,0.3297857716932769,0.3060475706705153,0.3576450507212344,0.3427771661784109,0.5296806477259526,0.34737110708326324,0.40165799371127425,0.5344339277988692,0.5131126596957822,0.5985623047626224,0.4295734916403326,0.7771893310546875,0.4617916837962651,0.5702830708237102,0.5006661573056316
2019-09-20,0.6542513708328643,0.6020352405415149,0.3231110155533333,0.5534725158761842,0.33540792749911186,0.25778784504728347,0.3168168411276857,0.30784409727404594,0.5256715682359433,0.3390528251730687,0.3851781595164332,0.518490470869691,0.43888101698477056,0.5683081253846461,0.348581302334659,0.7647258504231771,0.42089327231220813,0.5248024813699467,0.4711535202410042
2019-09-30,0.6073460082722016,0.5985201324786819,0.38832147229150554,0.42566866808370474,0.41036086510341335,0.27140593247121514,0.3039811742470561,0.25498082944179257,0.5836884565956088,0.3954576203355341,0.14933117175924368,0.18741843116360946,0.44477390337593947,0.6153718333125813,0.2836538141124458,0.5538604736328125,0.4433366278578952,0.4198801030445647,0.4705813555489221
2019-10-25,0.3997831833047422,0.4310778175136191,0.37933453911426385,0.2476843471692038,0.4257867584701839,0.24357654741032309,0.26117318662630246,0.18127730589891627,0.5593977804077602,0.37345542183762276,0.4854491819184402,0.5680419500119991,0.2288540707358831,0.448349964025184,0.22950623536647327,0.14299429575602213,0.27977654102661603,0.36117931325907565,0.36258564672326005
