patch_id,n_obs,n_bands,height,width,s2_dtype,s2_min,s2_max,s2_nan_frac,label_dtype,n_classes_in_patch
30003,46,10,128,128,int16,-105.0,14924.0,0.0,uint8,8
30013,46,10,128,128,int16,0.0,12586.0,0.0,uint8,10
30014,46,10,128,128,int16,-363.0,12574.0,0.0,uint8,5
30023,46,10,128,128,int16,-175.0,11742.0,0.0,uint8,8
30026,46,10,128,128,int16,-320.0,12264.0,0.0,uint8,9
30033,46,10,128,128,int16,-115.0,10874.0,0.0,uint8,10
30048,46,10,128,128,int16,-10.0,11605.0,0.0,uint8,11
30052,46,10,128,128,int16,0.0,10885.0,0.0,uint8,9
30057,46,10,128,128,int16,-157.0,12069.0,0.0,uint8,9
30059,46,10,128,128,int16,-343.0,14667.0,0.0,uint8,8
30062,46,10,128,128,int16,-601.0,12612.0,0.0,uint8,10
30066,46,10,128,128,int16,-316.0,15553.0,0.0,uint8,9
30078,46,10,128,128,int16,-242.0,13256.0,0.0,uint8,9
30084,46,10,128,128,int16,-311.0,13550.0,0.0,uint8,8
30087,46,10,128,128,int16,-213.0,11020.0,0.0,uint8,11
30091,46,10,128,128,int16,0.0,12918.0,0.0,uint8,9
30109,46,10,128,128,int16,-119.0,14843.0,0.0,uint8,8
30115,46,10,128,128,int16,0.0,12668.0,0.0,uint8,10
30122,46,10,128,128,int16,-65.0,12090.0,0.0,uint8,8
30123,46,10,128,128,int16,-314.0,13861.0,0.0,uint8,10
30129,46,10,128,128,int16,-116.0,12245.0,0.0,uint8,8
30140,46,10,128,128,int16,-357.0,12827.0,0.0,uint8,7
30146,46,10,128,128,int16,-272.0,11636.0,0.0,uint8,9
30151,46,10,128,128,int16,0.0,14704.0,0.0,uint8,8
30152,46,10,128,128,int16,-534.0,14060.0,0.0,uint8,8
30165,46,10,128,128,int16,-144.0,14389.0,0.0,uint8,8
30173,46,10,128,128,int16,0.0,11821.0,0.0,uint8,9
30175,46,10,128,128,int16,0.0,12009.0,0.0,uint8,9
30178,46,10,128,128,int16,0.0,12398.0,0.0,uint8,6
30182,46,10,128,128,int16,-142.0,10610.0,0.0,uint8,8
30187,46,10,128,128,int16,0.0,11956.0,0.0,uint8,9
30193,46,10,128,128,int16,-118.0,11984.0,0.0,uint8,9
30204,46,10,128,128,int16,-299.0,13811.0,0.0,uint8,9
30209,46,10,128,128,int16,-258.0,12827.0,0.0,uint8,8
30216,46,10,128,128,int16,-305.0,14835.0,0.0,uint8,10
30227,46,10,128,128,int16,-239.0,12016.0,0.0,uint8,9
30241,46,10,128,128,int16,-81.0,13579.0,0.0,uint8,10
30244,46,10,128,128,int16,-400.0,15880.0,0.0,uint8,8
30255,46,10,128,128,int16,-194.0,14594.0,0.0,uint8,9
30256,46,10,128,128,int16,0.0,9713.0,0.0,uint8,8
30260,46,10,128,128,int16,-133.0,12505.0,0.0,uint8,8
30264,46,10,128,128,int16,-200.0,14032.0,0.0,uint8,7
30265,46,10,128,128,int16,-38.0,12427.0,0.0,uint8,9
30273,46,10,128,128,int16,-215.0,13890.0,0.0,uint8,8
30274,46,10,128,128,int16,-259.0,15149.0,0.0,uint8,7
30275,46,10,128,128,int16,-152.0,15946.0,0.0,uint8,8
30283,46,10,128,128,int16,0.0,14110.0,0.0,uint8,7
30297,46,10,128,128,int16,-102.0,12612.0,0.0,uint8,8
30302,46,10,128,128,int16,-87.0,13978.0,0.0,uint8,11
30323,46,10,128,128,int16,-213.0,12908.0,0.0,uint8,8
30328,46,10,128,128,int16,-98.0,11786.0,0.0,uint8,8
30329,46,10,128,128,int16,0.0,10266.0,0.0,uint8,9
30333,46,10,128,128,int16,-187.0,11429.0,0.0,uint8,9
30335,46,10,128,128,int16,-202.0,11286.0,0.0,uint8,9
30359,46,10,128,128,int16,0.0,11871.0,0.0,uint8,7
30361,46,10,128,128,int16,-199.0,12725.0,0.0,uint8,8
30362,46,10,128,128,int16,-197.0,13142.0,0.0,uint8,8
30368,46,10,128,128,int16,-417.0,12436.0,0.0,uint8,7
30371,46,10,128,128,int16,0.0,12022.0,0.0,uint8,7
30381,46,10,128,128,int16,0.0,10394.0,0.0,uint8,9
30383,46,10,128,128,int16,-214.0,12676.0,0.0,uint8,7
30407,46,10,128,128,int16,-290.0,12378.0,0.0,uint8,8
30410,46,10,128,128,int16,-224.0,11614.0,0.0,uint8,8
30417,46,10,128,128,int16,-237.0,11494.0,0.0,uint8,8
30418,46,10,128,128,int16,-339.0,12017.0,0.0,uint8,7
30422,46,10,128,128,int16,-88.0,13002.0,0.0,uint8,8
30425,46,10,128,128,int16,-204.0,14535.0,0.0,uint8,8
30436,46,10,128,128,int16,-56.0,13159.0,0.0,uint8,8
30438,46,10,128,128,int16,-260.0,11106.0,0.0,uint8,8
30452,46,10,128,128,int16,0.0,13395.0,0.0,uint8,8
30459,46,10,128,128,int16,-329.0,12008.0,0.0,uint8,9
30464,46,10,128,128,int16,-197.0,10432.0,0.0,uint8,8
30477,46,10,128,128,int16,0.0,12882.0,0.0,uint8,8
30495,46,10,128,128,int16,0.0,12950.0,0.0,uint8,8
30503,46,10,128,128,int16,0.0,12367.0,0.0,uint8,6
30527,46,10,128,128,int16,0.0,9906.0,0.0,uint8,4
30542,46,10,128,128,int16,-499.0,11752.0,0.0,uint8,8
30545,46,10,128,128,int16,0.0,20716.0,0.0,uint8,8
30549,46,10,128,128,int16,-410.0,11834.0,0.0,uint8,8
30558,46,10,128,128,int16,0.0,13766.0,0.0,uint8,7
30569,46,10,128,128,int16,-224.0,14309.0,0.0,uint8,7
30570,46,10,128,128,int16,-120.0,11619.0,0.0,uint8,7
30583,46,10,128,128,int16,0.0,13888.0,0.0,uint8,7
30586,46,10,128,128,int16,-257.0,13321.0,0.0,uint8,5
30595,46,10,128,128,int16,0.0,13118.0,0.0,uint8,7
30599,46,10,128,128,int16,-288.0,11447.0,0.0,uint8,8
30602,46,10,128,128,int16,0.0,10869.0,0.0,uint8,7
30608,46,10,128,128,int16,0.0,12489.0,0.0,uint8,8
30612,46,10,128,128,int16,-255.0,13446.0,0.0,uint8,7
30621,46,10,128,128,int16,-41.0,13012.0,0.0,uint8,7
30638,46,10,128,128,int16,-238.0,13496.0,0.0,uint8,8
30641,46,10,128,128,int16,-218.0,13162.0,0.0,uint8,5
30652,46,10,128,128,int16,-341.0,15502.0,0.0,uint8,5
30657,46,10,128,128,int16,0.0,14196.0,0.0,uint8,8
30662,46,10,128,128,int16,-11.0,11202.0,0.0,uint8,6
30672,46,10,128,128,int16,-45.0,13488.0,0.0,uint8,8
30688,46,10,128,128,int16,0.0,12413.0,0.0,uint8,9
30689,46,10,128,128,int16,-202.0,12929.0,0.0,uint8,6
30694,46,10,128,128,int16,-90.0,16610.0,0.0,uint8,9
30705,46,10,128,128,int16,-270.0,15605.0,0.0,uint8,8
30726,46,10,128,128,int16,-448.0,13790.0,0.0,uint8,6
30732,46,10,128,128,int16,-159.0,13114.0,0.0,uint8,8
