train_folds,val_fold,test_fold,n_train,n_val,n_test,missing_train,missing_val,missing_test
"1,2,4",3,5,61,23,18,1,5,4
"1,2,3",4,5,66,18,18,1,5,4
"1,2,4",5,3,61,18,23,1,4,5
"1,2,3",5,4,66,18,18,1,4,5
"1,2,5",3,4,61,23,18,1,5,5
"1,2,5",4,3,61,18,23,1,5,5
"2,3,4",1,5,64,20,18,2,4,4
"2,3,4",5,1,64,18,20,2,4,4
"2,4,5",3,1,59,23,20,2,5,4
"2,3,5",4,1,64,18,20,2,5,4
"2,4,5",1,3,59,20,23,2,4,5
"2,3,5",1,4,64,20,18,2,4,5
"1,3,4",2,5,61,23,18,3,4,4
"1,3,4",5,2,61,18,23,3,4,4
"1,4,5",3,2,56,23,23,3,5,4
"1,3,5",4,2,61,18,23,3,5,4
"1,4,5",2,3,56,23,23,3,4,5
"1,3,5",2,4,61,23,18,3,4,5
"3,4,5",1,2,59,20,23,4,4,4
"3,4,5",2,1,59,23,20,4,4,4
